limited,1
panchito,1
nhdems2016,1
hitch,1
time2,1
stinks,1
whose,1
eligible,1
paris,1
under,1
sway,1
risk,1
dontfeelthebern,1
politician,1
screaming,1
identity,1
secretarywallstreet,1
itstime,1
molonlabe,1
heading,1
katniss,1
enjoy,1
force,1
awake,1
scrutinize,1
blue,1
tirelessly,1
near,1
liberty,1
net,1
officially,1
shocks,1
fightingforus,1
screams,1
spks,1
maglaras,1
represented,1
path,1
waronwomen,1
trustbernie,1
daughter,1
uplifting,1
changed,1
piercing,1
reports,1
permit,1
aka,1
whitewater,1
snhu,1
reagan,1
highly,1
bro,1
specifics,1
thursday,1
counts,1
landscape,1
charge,1
dnc,1
army,1
gotv,1
westandwithhillary,1
recommend,1
hillarys,1
holy,1
brings,1
reign,1
excellent,1
hold,1
shoot,1
fluidly,1
te,1
word,1
mo,1
refusing,1
era,1
concepts,1
society6,1
example,1
orpuw,1
waronwomen3,1
consigue,1
laughs,1
berniebro,1
provide,1
hoo,1
machine,1
pizza,1
bday,1
lgbtq,1
sanremo2016,1
thankyou,1
lay,1
lap,1
headquarters,1
capitalism,1
green,1
capitalist,1
greed,1
amir,1
salon,1
stillfree,1
rkba,1
chronically,1
counterjihad,1
bombing,1
personal,1
fix,1
writing,1
rockingham,1
versus,1
combination,1
takeoffyourbumperstickers,1
band,1
shameful,1
ecks,1
yourself,1
nofeeslender,1
rocky,1
shadowy,1
chuck,1
explode,1
laureldavilacpa,1
victories,1
reasonable,1
side,1
signing,1
mansplaining,1
gopfail,1
trailblazer,1
parasites,1
hillaryclinton2016,1
flock,1
trending,1
militarized,1
ha,1
rd,1
nite,1
smh,1
rn,1
perception,1
turning,1
written,1
tops,1
admits,1
vets,1
shills,1
basest,1
undercover,1
repealed,1
onto,1
already,1
hearing,1
hook,1
doling,1
everdeed,1
pragmatic,1
sarkeesian,1
rated,1
amsterdam,1
touting,1
needed,1
ceiling,1
collapse,1
rejected,1
project,1
fabulous,1
silly,1
williams,1
iron,1
hottie,1
genders,1
fabrications,1
madeleinealbright,1
ran,1
boston,1
modern,1
mind,1
mining,1
anybody,1
crew,1
tells,1
berntout,1
inconvenienttruth,1
gop2012,1
diretta,1
materials,1
chess,1
chronicles,1
exactly,1
ahshotel,1
victoria,1
mouth,1
contenders,1
phase,1
marie,1
disarmed,1
maddi,1
promotions,1
rogers,1
professor,1
flop,1
dog,1
treaty,1
entertaining,1
chrischristie,1
came,1
inspire,1
sexist,1
colors,1
radio,1
respectfully,1
toast,1
peasants,1
headline,1
elite,1
explain,1
versed,1
bush,1
rich,1
pocket,1
wearetheestablishment,1
despite,1
lockherup,1
nasty,1
runs,1
covering,1
briefed,1
emp,1
foreigndonationslist,1
teamhillary,1
ethical,1
victim,1
fair,1
nut,1
reporternuovo,1
pilaycrespo,1
nun,1
stillwithher,1
imho,1
channeling,1
thembng,1
protected,1
sorts,1
realdemocrat,1
ashwednesday,1
lazy,1
men,1
terms,1
wears,1
ask,1
hilary2016,1
wtf,1
picking,1
hills,1
reported,1
ncaa,1
una,1
sandersvsclinton,1
planned,1
irantalks,1
con,1
prepared,1
tony,1
tntvote,1
ceiling',1
bathroom,1
iraq,1
defeatobama,1
confident,1
families,1
prosperous,1
drugs,1
woodruff,1
search,1
child,1
patronizing,1
applied,1
dept,1
evening,1
suppose,1
murders,1
defending,1
played,1
defeated,1
australia,1
im,1
il,1
wound,1
jerry,1
spews,1
grapple,1
several,1
couple,1
blames,1
hang,1
hand,1
shellacking,1
votetrumpsc,1
opportunity,1
haggard,1
tune,1
kid,1
enthusiastically,1
vermont,1
thx,1
liblogic,1
forceful,1
alimohammedalnimr,1
preppers,1
charity,1
client,1
mother,1
politicalislam,1
yea,1
laptop,1
aside,1
millennialfemale,1
secure,1
voglia,1
eli,1
collars,1
trashes,1
ease,1
nevadacaucus,1
shout,1
belongs,1
beloved,1
whyiwontfeelthebern,1
possible,1
possibly,1
donal,1
dreams,1
wetrusthillary,1
offices,1
security,1
webb,1
crowd,1
successfully,1
incentivizes,1
trombone,1
americanflag,1
friend,1
flare,1
fox,1
creative,1
asking,1
denied,1
cnn,1
ww2,1
defensive,1
post,1
proceed,1
yelling,1
citizens,1
trustworthy,1
plus,1
banker,1
nixon,1
cowardice,1
raised,1
lied,1
civil,1
pays,1
obscene,1
accomplishments,1
sot,1
dean,1
insult,1
nvprimary,1
psychos,1
annoyance,1
knowing,1
absolutely,1
editor,1
music,1
launching,1
head,1
offer,1
occupywallstreet,1
removes,1
pierre,1
failure,1
analyst,1
fort,1
congratulations,1
stagel,1
reproductive,1
werkit,1
sheleakednamesofagents,1
faking,1
stages,1
stopsharia,1
moly,1
moore,1
wealthy,1
drive,1
nailedit,1
proves,1
exist,1
ship,1
trip,1
berniesandwhich,1
ny,1
faux,1
interested,1
role,1
complicit,1
tie,1
socialismfreesocialismfreesocialismfreesocialismfreesocialismhillary,1
allofme,1
millennial,1
welcome,1
diet,1
muslims,1
scorchingly,1
dearborn,1
billion,1
fromiowa,1
landed,1
bern',1
likens,1
votingrights,1
ouch,1
leads,1
outsiders,1
whitemalesupremacy,1
feelthehrc,1
system,1
deceitful,1
yarber,1
obamacare,1
disgusting,1
embarrassmenttohumanity,1
dissatisfied,1
ivankatrump,1
bests,1
adviser,1
grilling,1
brownie,1
exact,1
truedoescomeout,1
cool,1
republicanprimary,1
spokesmen,1
turns,1
proposals,1
cloudy,1
leave,1
guy,1
unaware,1
girlpower,1
thinker,1
fear,1
genitalia,1
pres2016,1
crackpot,1
miketyson,1
reminiscent,1
celebrates,1
filled,1
bandwagon,1
arizona,1
french,1
knocked,1
witch,1
groups,1
enroll,1
china,1
brilliant,1
ineffective,1
boo,1
bob,1
raise,1
sharpton,1
logical,1
ted2016,1
madelinealbright,1
working,1
prove,1
angry,1
tears,1
calais,1
opposed,1
dontgetberned,1
scope,1
ladygaga,1
outweighs,1
sharing,1
share,1
clue,1
beholden,1
politas,1
effort,1
election2012,1
fly,1
fiorina,1
quoting,1
soul,1
nowplaying,1
labeled,1
claim,1
rebuffed,1
figure,1
saith,1
confused,1
nerdland,1
stole,1
evidently,1
listens,1
whatilearnedtoday,1
trollon,1
divided,1
watching,1
pure,1
pins,1
speaks,1
influenced,1
fascist,1
spot,1
hillarytoday,1
suck,1
guys,1
natural,1
johnson,1
su,1
switch,1
guncontrol,1
joins,1
disclosure,1
shake,1
cola,1
reacting,1
tweets,1
main,1
decades,1
happened,1
non,1
norad,1
finance,1
moms,1
shatter,1
begun2,1
investigated,1
imnotwithher,1
killed,1
shouted,1
equality,1
realist,1
james,1
drop,1
momsforhillary,1
hilaryclinton,1
rock,1
turtle,1
en,1
bradley,1
wrap,1
fires,1
haul,1
ex,1
southcarolinaherewecome,1
happen,1
worried,1
living,1
accomplish,1
jackson,1
fu,1
mess,1
seriously,1
investigation,1
clowns,1
managed,1
earlier,1
scarytimes,1
besides,1
grandma,1
training,1
democrates,1
clarion,1
british,1
demographic,1
husband,1
ammo,1
imnotkiddingmaddi,1
saving,1
corporations,1
open,1
city,1
checked,1
gif,1
juniordoctorsstrike,1
freebie,1
lobbyists,1
angrywhitemen,1
readyforhillary,1
gives,1
releases,1
butt,1
fooled,1
representing,1
lmao,1
framers,1
handmade,1
noexcuses,1
loyalists,1
cards,1
werk,1
outcome,1
prospect,1
indictclinton,1
addressing,1
repealirandeal,1
slay,1
locations,1
tastes,1
anger,1
breakfast,1
stophillary2016,1
kevin,1
sat,1
squat,1
primaried,1
exposed',1
clintons,1
objective,1
sorority,1
hilarioushillary,1
signforbernie,1
pain,1
spewing,1
impossible',1
complaints,1
knee,1
forever,1
surprising,1
removed,1
sale,1
mrs,1
federal,1
uncircumcised,1
terrorism',1
slaves,1
discovered,1
troy,1
mexican,1
aggressive,1
fifth,1
magnanimity,1
snack,1
ppact4hillary,1
ainf,1
madeline,1
hesforbs,1
bernice,1
shrill,1
policies,1
gazette,1
freezing,1
gen,1
celebrate,1
reveal,1
prima,1
clintonbeatingsanders,1
stupid,1
bombs,1
citizensunited,1
bought,1
uvm,1
lipsaremoving,1
committed,1
elected,1
infrastructure,1
uva,1
fails,1
brave,1
weapons,1
staffer,1
ladie,1
fiestablanca,1
whipped,1
notice,1
checkered,1
jobs,1
dome,1
blame,1
article,1
libya,1
uninspiring,1
tour,1
disappointment,1
senator,1
firewall,1
poo,1
notfaltering,1
learning,1
welovehillary,1
proved,1
bizarre,1
considering,1
destroyed,1
mark,1
cruff,1
coups,1
borders,1
seppuku,1
echoes,1
latinosforhillary,1
wake,1
resides,1
tamara,1
coca,1
promising,1
landslide,1
teamtrump,1
consistentreliablepresidentialprogressive,1
bros,1
develop,1
reminded,1
fabulousforce,1
food,1
pac,1
angered,1
enrich,1
reminder,1
status,1
oil,1
mardigras,1
totally,1
cartoon,1
vowed,1
bellwhether,1
largely,1
eureka,1
accountable,1
solve,1
inability,1
bodies,1
gamers4trump,1
noah,1
slime,1
actions,1
kasich,1
flavor,1
taheri,1
quella,1
townhall,1
seems,1
except,1
bank,1
halftime,1
ca,1
desperately,1
irandeal,1
gonna,1
dark,1
dare,1
christine,1
makeithappen,1
livingonaprayer,1
served,1
voluntarily,1
exposed,1
tvs,1
eddie,1
erase,1
organizing,1
thinks,1
scandals,1
berniesander,1
dancefloor,1
stops,1
moderate,1
football,1
racism,1
pts,1
broken,1
despicable,1
leadership,1
terrified,1
exciting,1
repeating,1
terridonovan12,1
aca,1
smear,1
ideology,1
journey,1
ow,1
gunviolence,1
fundraising,1
gary,1
amassed,1
prepare,1
hes,1
concord,1
stark,1
strip,1
mindless,1
low,1
lot,1
giornodelricordo,1
ehh,1
noceilings,1
verbatim,1
vettingsanders,1
trying,1
reneeellmers,1
explaining,1
fraud,1
embedded,1
vice,1
bucket,1
abuses,1
grasp,1
sleazy,1
politically,1
aa,1
taylor,1
ad,1
videos,1
describe,1
deep,1
general,1
examine,1
daily,1
nero,1
lifetime,1
gruber,1
drafts,1
idiot,1
caucusconmigo,1
bernbabybern,1
trash,1
changemaker,1
gifts,1
bullets,1
coverage,1
chris,1
odds,1
speeches',1
trumpteam,1
grassroots,1
caused,1
dollar,1
seals,1
dreamer,1
cooperative,1
welfare,1
decisions,1
lining,1
cheney,1
opportunities,1
hillsborough,1
oregonforhillary,1
sustain,1
enjoying,1
sound,1
worse,1
virtue,1
hungryforsolutions,1
vera,1
ticket,1
ranting,1
pbs,1
joined,1
closetheborder,1
webster,1
ass,1
tea,1
ted,1
foxnews,1
winds,1
uccshooting,1
lawyer,1
nbc,1
warmonger,1
stood,1
darkness,1
consumers,1
l'occidente,1
usin,1
helphillary,1
gunfreezoneskill,1
tribute,1
trouncing,1
c'mon,1
mull,1
tags,1
eligibility,1
empower,1
hours,1
arena,1
rr4h,1
tweepstakes,1
inspired,1
everybodylovesraymond,1
sideshows,1
pick,1
onwards,1
deleceious,1
sticking,1
editors,1
sales101,1
viz,1
crusades,1
establish,1
hillary2016hillary,1
readily,1
conventional,1
two,1
splash,1
sametime,1
taken,1
coup'ed,1
israel,1
flag,1
broke,1
promoting,1
town,1
none,1
oversight,1
friendly,1
remain,1
bias,1
abandon,1
thumped,1
optimistic,1
berniegotberned,1
methodist,1
biden,1
minimum,1
sense,1
huge,1
sits,1
unexpected,1
enforcers,1
hillaryous,1
reject,1
goat,1
boughtandpaidfor,1
okay,1
tried,1
bsas,1
liberace,1
notwithher,1
hillaryforprision,1
piedpiperofvt,1
tries,1
blood,1
invasion,1
authentic,1
crowded,1
responsibility,1
votebluenomatterwho,1
fundamental,1
don't,1
mission,1
trade,1
held,1
talkradio,1
signs,1
islam,1
licks,1
beyonce,1
bows,1
minute,1
attended,1
compilation,1
lookout,1
yo,1
ya,1
reigning,1
ivoted,1
estoycontigo,1
icymi,1
oxford,1
odin,1
flipflop,1
secprimaries,1
pregnant,1
secretserver,1
hillary4prison,1
found,1
isn't,1
perv,1
circumcised,1
idea,1
marcomentum,1
beyond,1
initiatives,1
funding,1
trackrecord,1
votos,1
hood,1
issue,1
usatoday,1
whyimnotvotingforhillary1,1
soulless,1
fiber,1
mmt,1
difficulty,1
imagine,1
touchstones,1
beginning,1
thrown,1
bragged,1
launch,1
resembling,1
boysisenough,1
syria,1
fallen,1
neglects,1
fees,1
fiction,1
miss,1
heads,1
bloodied,1
revive,1
doomsday,1
expand,1
statement,1
cockatiel,1
option,1
domestic,1
part,1
pyrrhic,1
unclebernie,1
king,1
sta,1
youth,1
utopia,1
store,1
fashionfail,1
treated,1
dana,1
outta,1
nominee,1
donaldtrumpforpresident,1
fights,1
ages,1
affirmative,1
cashspent,1
gov't,1
orders,1
mountain,1
build,1
finding,1
experienced,1
exec,1
dumptrump,1
dontbernmebro,1
react,1
position,1
defections,1
seasons,1
superpac,1
dscc,1
benghazi2,1
spends,1
clear,1
sometimes,1
cover,1
dissolved,1
exp,1
tpp,1
realised,1
gohillary,1
microsoft,1
ugh,1
fint,1
teneo,1
felon,1
fine,1
completion,1
current,1
drumbeat,1
sayin,1
derry,1
nervous,1
madampresident,1
inflection,1
penalty,1
abiding,1
artfulsmear,1
unlikely',1
riptwitter,1
hit,1
safety',1
waysdo,1
banned,1
trees,1
shatteringglass,1
gendered,1
pretending,1
wearesoscrewed,1
imwithhim,1
fluff,1
childhood,1
watched,1
spiked,1
common,1
ivanka,1
socialismdoesntwork,1
nh4hillary,1
scenes,1
manning,1
defense,1
backfire,1
hillaryclinon,1
socjus,1
leg,1
rejecting,1
powerhouse,1
myriad,1
nope,1
supposed,1
available,1
profiling,1
unconscious,1
missing,1
targeted,1
competent,1
humanrights,1
ecuador,1
minorities,1
smearing,1
itsgotimenevada,1
liked,1
sweep,1
church,1
natsec,1
create,1
xas,1
hitting,1
pc,1
secret,1
damn,1
nother,1
staythecourse,1
pm,1
partly,1
gay,1
firefighters,1
gal,1
sleeves,1
stolen,1
uncertain,1
pacs,1
budget,1
bringthebern,1
motivationwednesday,1
fun,1
scheduled,1
hoping,1
ducks,1
disappointing,1
pachypocrisy,1
itself,1
hyperbole,1
shirt,1
belong,1
nvpolitics,1
feds,1
wheres,1
flags,1
consistency,1
organization,1
shape,1
alternative,1
foolishness,1
superficial,1
cut,1
cup,1
hillary2008,1
barack,1
cue,1
parents,1
location,1
crying,1
violations,1
alnimrrebellion,1
hater,1
victims,1
forces,1
demands,1
hillaryexposed,1
judgement,1
hrc2016,1
cooljournalism,1
bit,1
coverup,1
morale,1
stylist,1
clintoncampaign,1
donny,1
blowhard,1
circles,1
hillaryforpresident,1
extremist,1
sight,1
megalomanious,1
hillaryious,1
civilization,1
epic,1
bf,1
eating,1
bc,1
dtmag,1
bo,1
use,1
refused,1
zombie,1
nowhere,1
bs,1
azpolitics,1
coexist,1
trounces,1
seeing,1
terrorists,1
nydailynews,1
nonsense,1
servers,1
bastards,1
ohio,1
france,1
bankruptcy,1
impressed,1
pundit,1
occupy,1
opponent,1
elsewhere,1
jebbush2016,1
ahhh,1
nhforhrc,1
immigration,1
repeatedly,1
delta,1
notademocrat,1
patriot,1
planet,1
cir,1
itsourturn,1
uk,1
sealteam6,1
chelsea,1
called,1
devastating,1
hillaryforprison2016,1
influence,1
single,1
warning,1
wewontbeerased,1
prevail,1
tomtrento,1
whatdifferencedoesitmake,1
thugs,1
codes,1
puzzling,1
sunken,1
amounts,1
employment,1
xb1,1
stupidvoters,1
definitely,1
department,1
teamtrump2016,1
luxurious,1
cooperate,1
ago,1
fighter,1
sore,1
age,1
poco,1
youtube,1
peeps,1
rallies,1
gr,1
unemployment,1
todaythe,1
adjustment,1
contributions,1
kate,1
scpolitics,1
uphold,1
emailgate,1
arrogance,1
stable,1
include,1
continues,1
telling,1
hillary2032,1
korea,1
framing,1
magic,1
tra,1
shock,1
deals,1
gabriel,1
businesses,1
primary2016,1
noted,1
crow,1
votetrumpnh,1
crook,1
imply,1
booth,1
index,1
hillary2016good,1
plays,1
power,1
giving,1
piper,1
indian,1
currently,1
fearmongerers,1
proliferation,1
lee,1
elect,1
pushing,1
delivering,1
dancethenightaway,1
focused,1
others,1
policyinnovation,1
ukraine,1
didnt,1
leaving,1
parroting,1
defeat,1
opinion,1
behead,1
thats,1
piyush,1
addresses,1
heart,1
forbid,1
app,1
clara,1
dedicated,1
private,1
oval,1
scandal,1
fed,1
bested,1
failed,1
illegal,1
surrogates,1
istandwithhillary,1
chip,1
babe,1
cackle,1
biblical,1
started,1
fuck,1
matterlook,1
train,1
paroled,1
impacking,1
baby,1
rare,1
testifies,1
harvest,1
high,1
balls,1
pandered,1
reprorights,1
anywhere,1
praise,1
control,1
reserved,1
halloween,1
six,1
delay,1
brian,1
shuffles,1
instead,1
stock,1
profile,1
de,1
attend,1
muchoutside,1
tied,1
abuse,1
issa,1
advocates,1
amministrative,1
preparing,1
flopper,1
perishing,1
knowledgable,1
bernout,1
raw,1
livvie,1
lo,1
choose,1
covered,1
criminal,1
scotus,1
mention,1
hands,1
front,1
caucuses,1
countries,1
globe,1
jeb2016,1
skank,1
measure,1
sioa,1
sexual,1
harding,1
rigging,1
announces,1
rep,1
mannix,1
islamist,1
granddaughters,1
arkansas,1
hilarious,1
memes,1
red,1
greedy,1
precies,1
reporters,1
stupidity,1
unfettered,1
quo,1
scary,1
backwards,1
allies,1
barriers,1
imput,1
anita,1
leonora,1
jesus,1
owner,1
usfreedomarmy,1
sununu,1
ancient,1
cnngo,1
accent,1
relations,1
retreats,1
therealthing,1
doomed,1
lists,1
credibility,1
overwhelming,1
neck,1
steel,1
defeats,1
ben,1
bel,1
shill,1
sr,1
gays,1
cravotta,1
result,1
behaviors,1
perverts,1
laughingstock,1
whyi'mnotvotingforher,1
gentle,1
sincerity,1
sen,1
apparently,1
screw,1
afraid,1
mil,1
dallas,1
adjunct,1
concerns,1
competence,1
toobigtojail,1
eclkcqizx,1
unless,1
combat,1
courtesy,1
eight,1
socializing,1
deny,1
neighboring,1
face,1
astonishing,1
normally,1
gain,1
standwithpp,1
decision2016,1
screaminghillary,1
brother,1
gunsense,1
uncommitted,1
rebuke,1
eurythmics,1
dorothy,1
rough,1
pause,1
based,1
unions,1
won't,1
altright,1
riding,1
thousands,1
familiar,1
overall,1
evident,1
ended,1
conditions,1
married,1
overflowing,1
politicalrevolution,1
rollhillary,1
grab,1
piss,1
madam,1
collegelife,1
tripe,1
packet,1
immigrant,1
edition,1
nuclear,1
favor,1
closed,1
neither,1
blocked,1
newbie,1
pants,1
industries,1
amen,1
importance,1
caucusoids,1
sinistra,1
electing,1
yeswewill,1
overhaul,1
paraphrasing,1
career,1
taking,1
beliefs,1
figures,1
trumps,1
canopy,1
lofty,1
zonation,1
adversity,1
co,1
cc,1
missile,1
laugh,1
citizenship,1
quit,1
beverlybillies,1
immense,1
treat,1
improve,1
finishes,1
neighbour,1
hateful,1
lebanese,1
greetthealiensin5words,1
unlike,1
cruz45,1
dead',1
expiration,1
gr8t,1
promoted,1
munchin,1
groin,1
va,1
jehovah,1
anow,1
resident,1
thus,1
whore,1
shooting,1
berniesandersgoaway,1
chante,1
began,1
cross,1
unite,1
camp,1
matthew,1
prognostications,1
parts,1
largest,1
liberallie,1
mcgovern,1
bullying,1
student,1
scholars,1
warming,1
emboldening,1
pampered,1
nonetheless,1
thought,1
command,1
oops,1
english,1
taliban,1
latest,1
repub,1
makeamericagreatagain,1
rocket,1
moments,1
hillarysoplagarising,1
feeltheburn,1
tone,1
jeblary,1
wed,1
inconvenientfacts,1
drunk,1
sky,1
realize,1
add,1
neoliberal,1
citizen,1
medicareforall,1
details,1
pied,1
crushed,1
solider,1
five,1
emma,1
bigotry,1
clown,1
become,1
works,1
refugees,1
inexperienced,1
nfl,1
emotarians,1
thinbluelineproject,1
village,1
ballot,1
est,1
gabrielito,1
passion,1
camilo,1
although,1
counties,1
gained,1
a1,1
actual,1
puts,1
notfeelingtheburn,1
a2,1
dimostrando,1
documentary,1
stakes,1
suited,1
satire,1
washington,1
ma'am,1
promise,1
ketchup,1
eh,1
egalitarian,1
whoo,1
utopian,1
misogyny,1
biggest,1
troubling,1
nashua,1
naturally,1
north,1
blaming,1
reminds,1
hc,1
ear,1
tactics,1
inevitability,1
places,1
oligarchy,1
flintwatercrisis,1
signed,1
below,1
stories,1
cake,1
minutes,1
tricks,1
iphone,1
deaths,1
vra,1
domino,1
circus,1
pie,1
amendmentis,1
flight,1
girl,1
compared,1
variety,1
percent,1
speakforyourself,1
compares,1
rubio2016,1
granite,1
repeat,1
insults,1
dontletyourmemesbedreams,1
kinda,1
using,1
foreignpolicy,1
rule,1
thunderstorms,1
campaign2016,1
pierson,1
berniesandersforpresident2016,1
pension,1
clintonvsdems,1
andre,2
marcorubio,2
allinforjeb,2
lord,2
worth,2
updated,2
louder,2
rise,2
school,2
tired,2
tonightly,2
integrity,2
whyimnotvotingforhillaryhillary,2
studio,2
ward,2
absolute,2
very,2
answer,2
wrong,2
wing,2
office,2
mayor,2
christie,2
donors,2
trail,2
rhetoric,2
indictment,2
taught,2
george,2
surprise,2
foundation,2
carnaval,2
wanted,2
bernbots,2
listen,2
took,2
begins,2
target,2
second,2
cnntownhall,2
snow,2
concedes,2
though,2
dover,2
saying,2
queen,2
bust,2
di,2
endorsements,2
learned,2
nicely,2
guns,2
secretary,2
txprimary,2
fail,2
nature,2
debt,2
received,2
ill,2
periscope,2
congradulations,2
gracious,2
excited,2
boom,2
trusted,2
berniestrong,2
congrats,2
greatest,2
yours,2
newton,2
rodent,2
thanks,2
facts,2
prison,2
knock,2
breaks,2
judge,2
gift,2
understand,2
born,2
everything,2
shifting,2
attacks,2
selfie,2
ppl,2
electorate,2
happy,2
form,2
true,2
tytlive,2
hmm,2
promised,2
floor,2
nd,2
reality,2
smell,2
nv,2
picture,2
phone,2
push,2
totals,2
vet,2
finally,2
veterans,2
sign,2
spreaker,2
knicks,2
accomplished,2
history,2
market,2
everybody,2
positive,2
retweeted,2
prez,2
afford,2
everywhere,2
cam,2
making,2
crazy,2
heard,2
spa,2
till,2
nyc,2
date,2
grow,2
remember,2
maybe,2
talk,2
nearly,2
cold,2
police,2
hot,2
msnbc,2
toxic,2
half,2
realistic,2
christian,2
ed,2
berniebullshit,2
crushing,2
berniebros,2
blm,2
correct,2
care,2
yup,2
spoken,2
tomorrow,2
size,2
anyone,2
meme,2
eyes,2
cmdr,2
pro,2
conspiracy,2
fucking,2
knew,2
laws,2
cheap,2
congressional,2
blacklivesmatter,2
isis,2
firedup,2
losers,2
caucus,2
scott,2
vision,2
ignored,2
equalpay,2
wonder,2
forecast,2
between,2
doma,2
killing,2
spark,2
anti,2
lockoutlaws,2
howard,2
braving,2
bullshit,2
engine,2
myself,2
investigating,2
margin,2
corbyn,2
eventually,2
rally,2
worry,2
auspol,2
extinguishthebern,2
model,2
blow,2
hint,2
thinking,2
lets,2
noamnesty,2
around,2
adams,2
kennedy,2
beyhive,2
conservative,2
business,2
helping,2
ok,2
luck,2
blessed,2
mongers,2
hey,2
christianity,2
start,2
berniecantdeliver,2
happening,2
agree,2
gone,2
ai,2
ap,2
field,2
congress,2
building,2
calls,2
wife,2
crumpled,2
talks,2
children,2
content,2
hill,2
scout,2
worst,2
list,2
sane,2
grabu,2
full,2
ahead,2
color,2
turnout,2
iacaucus,2
revolutionary,2
door,2
hillarybros,2
theverve,2
hour,2
learn,2
awkward,2
coming,2
bashing,2
nj2as,2
pay,2
dream,2
playing,2
committee,2
smiling,2
actually,2
late,2
resort,2
followers,2
someone,2
yr,2
easily,2
everyone,2
expect,2
story,2
progressives,2
major,2
mr,2
knocking,2
guess,2
leading,2
notfeelingthebern,2
unrealistic,2
lunatics,2
illegals,2
marriage,2
built,2
check,2
self,2
reach,2
find,2
feels,2
courage,2
tntweeters,2
votetrump2016,2
enemy,2
progressive,2
set,2
dumb,2
retweet,2
learns,2
corruption,2
barely,2
corrupt,2
millions,2
sweet,2
incomes,2
strategy,2
dropping,2
southcarolina,2
solid,2
momentum,2
involved,2
transcripts,2
backing,2
triple,2
used,2
early,2
spent,2
analysis,2
inspirational,2
listening,2
regardless,2
wage,2
showing,2
matters,2
popular,2
killary,2
senate,2
goldman,2
anything,2
deserves,2
nothing,2
forward,2
getty,2
ur,2
club,2
nice,2
walker,2
hitlary,2
having,2
once,2
putting,2
populist,2
polling,2
imwithhillary,2
maker,2
standing,2
billclinton,2
ride,2
obvious,2
something,2
nhprimary2016,2
sir,2
lines,2
temp,2
healthcare,2
move,2
including,2
winning,2
false,2
bills,2
upward,2
powerful,2
wordsthatdontdescribehillary,2
reached,2
hilary,2
nobody,2
bed,2
loves,2
fact,2
bring,2
debate,2
communist,2
handle,2
michigan,2
calling,2
packed,2
maddow,2
reform,2
scolds,2
joe,2
bbc,2
madeleine,2
vs,2
newsroom,2
terrorism,2
reporting,2
less,2
claiming,2
executive,2
millennials4hillary,2
government,2
powertothepeople,2
wallstreet,2
jeremy,2
lead,2
panel,2
iamwithher,2
kasich2016,2
sachs,2
female,2
ows,2
yrs,2
buy,2
interest,2
brand,2
hq,2
repeated,2
goals,2
eat,2
flip,2
problem,2
book,2
sick,2
illegally,2
dismissal,2
four,3
hate,3
voter,3
tweet,3
lgbt,3
call,3
until,3
haha,3
glass,3
times,3
end,3
law,3
newhampsire,3
coffee,3
break,3
newhampshireprimary,3
mean,3
sounds,3
god,3
another,3
john,3
strength,3
regular,3
points,3
sexism,3
bad,3
release,3
iran,3
discriminating,3
protect,3
obamas,3
tough,3
speak,3
three,3
expected,3
shame,3
campaigning,3
evil,3
claims,3
corporate,3
left,3
studentsforhillary,3
dead,3
fought,3
bern,3
younger,3
longer,3
join,3
trouble,3
liberallogic,3
supporting,3
values,3
awesome,3
sunday,3
such,3
flint,3
fired,3
yeah,3
honest,3
message,3
gotta,3
turned,3
take,3
sure,3
takeaways,3
especially,3
ways,3
educated,3
case,3
cast,3
experiencematters,3
middle,3
different,3
death,3
feminism,3
lady,3
endorses,3
donations,3
exit,3
oh,3
cares,3
favorite,3
act,3
racist,3
poor,3
important,3
past,3
november,3
action,3
states,3
numbers,3
breaking,3
through,3
bernieorbust,3
shocking,3
gun,3
pathetic,3
put,3
wonderful,3
double,3
stopislam,3
play,3
intelligence,3
donate,3
point,3
meeting,3
firm,3
fire,3
socialism,3
questions,3
marco,3
advocate,3
game,3
economic,3
faith,3
pres,3
politicians,3
smiles,3
problems,3
bcot,3
helpherhelpus,3
issues,3
rednationrising,3
video,3
superdelegates,3
bernedout,3
hillarynatureresort,3
cosproject,3
light,3
volunteers,3
ohhillyes,3
conservatives,3
herself,3
stronger,3
nhcaucus,3
supported,3
staff,3
inspiring,3
candidates,3
means,3
beat,3
stuff,3
supertuesday,3
national,3
progress,3
email,3
deliver,3
tuesday,3
respect,3
disagree,3
smart,3
cruz,3
press,3
home,3
sander,3
bump,3
demtownhall,3
record,3
piece,3
sheswithus,3
hillaryforprison,4
delegate,4
leaders,4
street,4
ninaturnerisafraud,4
elizabeth,4
democratic,4
re,4
days,4
feeling,4
usnotme,4
wh,4
life,4
worked,4
photo,4
human,4
yes,4
save,4
brought,4
donald,4
super,4
hear,4
tell,4
shit,4
battle,4
choice,4
team,4
lnyhbt,4
run,4
constitution,4
goes,4
muslim,4
boy,4
fbi,4
albright,4
economy,4
interesting,4
vote4hillary,4
smash,4
name,4
shows,4
hillwill,4
sad,4
ideas,4
black,4
truly,4
college,4
ohillno,4
according,4
poll,4
former,4
being,4
mom,4
realdonaldtrump,4
donate2hillary,4
again,4
deserve,4
forget,4
difference,4
public,4
eye,4
rapport,4
renewus,4
week,4
hard,4
talked,4
believe,4
kind,4
quote,4
plan,4
lying,4
justice,4
pretty,4
whyimnotvotingforhillary,4
rest,4
fans,4
nhpolitics,4
whole,4
simply,4
stophillary,4
demdebate,4
hillary4unity,4
gopdebate,4
moment,4
wordbrain,4
loser,4
canvassing,4
peace,4
land,4
gt,4
looks,4
warren,4
yuge,4
republican,4
doing,4
cause,4
manchester,4
winner,4
words,4
feelthebern,4
legacy,4
discrimination,4
pic,4
nvcaucus,4
twitter,4
votetogether,4
education,4
nra,4
friends,4
lives,4
voted,5
military,5
amazing,5
iowa,5
went,5
tcot,5
primary,5
service,5
top,5
donaldtrump,5
talking,5
voting,5
clinton2016,5
trust,5
republicans,5
cant,5
things,5
donated,5
promises,5
liberal,5
together,5
supporter,5
live,5
jail,5
brain,5
continue,5
nation,5
year,5
little,5
speaking,5
everyday,5
media,5
family,5
hillaryforamerica,5
takes,5
dem,5
help,5
patriarchy,5
socialist,5
ready,5
nhloveshillary,5
makes,5
usa,5
potus,5
winners,5
attack,5
class,5
knowledge,5
fighting,5
hillarysoprogressive,5
loss,5
loses,5
made,5
vast,6
kids,6
gov,6
free,6
doors,6
even,6
folks,6
away,6
lies,6
democrat,6
give,6
hope,6
million,6
proud,6
honesty,6
before,6
comes,6
those,6
wall,6
read,6
stand,6
road,6
strong,6
knows,6
fightforhillary,6
american,6
please,6
political,6
p2,6
person,6
sanders2016,6
libcrib,6
long,6
imwithher,6
establishment,6
presidential,6
special,6
hillno,6
party,6
gets,6
lose,6
count,6
matter,7
affairs,7
makedclisten,7
change,7
wait,7
man,7
thing,7
paid,7
show,7
tgdn,7
world,7
speeches,7
glad,7
reason,7
both,7
gap,7
look,7
bill,7
results,7
race,7
day,7
truth,7
delegates,7
job,7
policy,7
victory,8
solutions,8
much,8
old,8
down,8
war,8
st,8
sc,8
years,8
place,8
first,8
enough,8
same,8
follow,8
far,8
needs,8
always,8
feel,8
scprimary,8
close,8
reasons,8
champion,8
watch,8
rubio,8
lol,8
iowacaucus,8
lost,8
concession,8
work,9
mt,9
donatetohillary,9
going,9
morning,9
house,9
young,9
fitn,9
nomination,9
democrats,9
election2016,9
dems,9
well,9
supports,10
supporters,10
south,10
better,10
wearebernie,10
against,10
revolution,10
sheswithme,10
americans,10
future,10
behind,10
come,10
real,10
experience,10
via,10
hell,10
see,10
back,10
gender,10
next,10
keep,10
equal,10
foreign,10
off,10
getting,10
news,11
country,11
today,11
thank,11
white,11
vettingbernie,11
carolina,11
polls,11
done,11
voters,11
politics,11
best,12
night,12
fight,12
way,12
many,12
running,12
money,12
really,12
tlot,12
cruzcrew,12
newhampshire,12
votes,13
ohhillno,13
too,13
hrc,13
make,13
candidate,13
election,13
support,13
america,13
liar,13
onward,13
benghazi,13
never,14
nevada,14
right,14
woman,14
big,14
go,14
state,14
uniteblue,14
teaparty,15
last,15
won,16
tonight,16
rights,17
gotvforhrc,17
still,17
standwithhillary,17
breakglass,17
here,18
wins,18
forhrc,18
good,18
over,19
great,19
want,20
stop,20
one,20
speech,20
campaign,21
think,21
trump2016,21
obama,21
know,21
love,23
nhprimary,23
wakeupamerica,23
out,24
now,25
more,25
need,25
time,28
berniesanders,28
gop,29
ccot,32
hillyes,33
hampshire,33
president,34
up,34
pjnet,35
women,35
people,36
nh,36
new,38
vote,39
bernie2016,39
no,41
win,41
trump,42
sanders,45
amp,52
clinton,64
bernie,84
hillaryclinton,98
not,135
hillary,149
hillary2016,268
